x-axis,1
second,Volt
-5.000000E+00,+2.093750E+00
-4.997500E+00,+2.109375E+00
-4.995000E+00,+2.109375E+00
-4.992500E+00,+2.109375E+00
-4.990000E+00,+2.093750E+00
-4.987500E+00,+2.093750E+00
-4.985000E+00,+2.109375E+00
-4.982500E+00,+2.093750E+00
-4.980000E+00,+2.109375E+00
-4.977500E+00,+2.109375E+00
-4.975000E+00,+2.109375E+00
-4.972500E+00,+2.109375E+00
-4.970000E+00,+2.109375E+00
-4.967500E+00,+2.109375E+00
-4.965000E+00,+2.109375E+00
-4.962500E+00,+0E+00
-4.960000E+00,+2.093750E+00
-4.957500E+00,+2.093750E+00
-4.955000E+00,+2.093750E+00
-4.952500E+00,+2.109375E+00
-4.950000E+00,+2.093750E+00
-4.947500E+00,+2.093750E+00
-4.945000E+00,+2.109375E+00
-4.942500E+00,+2.093750E+00
-4.940000E+00,+2.093750E+00
-4.937500E+00,+2.109375E+00
-4.935000E+00,+2.093750E+00
-4.932500E+00,+2.109375E+00
-4.930000E+00,+2.109375E+00
-4.927500E+00,+0E+00
-4.925000E+00,+15.625E-03
-4.922500E+00,+2.093750E+00
-4.920000E+00,+2.093750E+00
-4.917500E+00,+2.093750E+00
-4.915000E+00,+2.109375E+00
-4.912500E+00,+2.093750E+00
-4.910000E+00,+2.093750E+00
-4.907500E+00,+2.093750E+00
-4.905000E+00,+2.093750E+00
-4.902500E+00,+2.093750E+00
-4.900000E+00,+2.093750E+00
-4.897500E+00,+2.093750E+00
-4.895000E+00,+2.093750E+00
-4.892500E+00,+2.109375E+00
-4.890000E+00,+2.093750E+00
-4.887500E+00,+812.500E-03
-4.885000E+00,+31.250E-03
-4.882500E+00,+2.109375E+00
-4.880000E+00,+2.093750E+00
-4.877500E+00,+2.093750E+00
-4.875000E+00,+2.109375E+00
-4.872500E+00,+2.093750E+00
-4.870000E+00,+2.093750E+00
-4.867500E+00,+2.109375E+00
-4.865000E+00,+2.109375E+00
-4.862500E+00,+2.093750E+00
-4.860000E+00,+2.109375E+00
-4.857500E+00,+2.093750E+00
-4.855000E+00,+2.093750E+00
-4.852500E+00,+2.093750E+00
-4.850000E+00,+2.125000E+00
-4.847500E+00,+0E+00
-4.845000E+00,+15.625E-03
-4.842500E+00,+2.109375E+00
-4.840000E+00,+2.109375E+00
-4.837500E+00,+2.109375E+00
-4.835000E+00,+2.093750E+00
-4.832500E+00,+2.109375E+00
-4.830000E+00,+2.109375E+00
-4.827500E+00,+2.109375E+00
-4.825000E+00,+2.109375E+00
-4.822500E+00,+2.093750E+00
-4.820000E+00,+2.109375E+00
-4.817500E+00,+2.093750E+00
-4.815000E+00,+2.109375E+00
-4.812500E+00,+2.109375E+00
-4.810000E+00,+2.093750E+00
-4.807500E+00,+2.093750E+00
-4.805000E+00,+15.625E-03
-4.802500E+00,+2.125000E+00
-4.800000E+00,+2.093750E+00
-4.797500E+00,+2.093750E+00
-4.795000E+00,+2.109375E+00
-4.792500E+00,+2.093750E+00
-4.790000E+00,+2.093750E+00
-4.787500E+00,+2.093750E+00
-4.785000E+00,+2.093750E+00
-4.782500E+00,+2.109375E+00
-4.780000E+00,+2.109375E+00
-4.777500E+00,+2.109375E+00
-4.775000E+00,+2.093750E+00
-4.772500E+00,+2.093750E+00
-4.770000E+00,+2.093750E+00
-4.767500E+00,+2.093750E+00
-4.765000E+00,+46.875E-03
-4.762500E+00,+2.093750E+00
-4.760000E+00,+2.093750E+00
-4.757500E+00,+2.093750E+00
-4.755000E+00,+2.093750E+00
-4.752500E+00,+2.093750E+00
-4.750000E+00,+2.093750E+00
-4.747500E+00,+2.109375E+00
-4.745000E+00,+2.109375E+00
-4.742500E+00,+2.093750E+00
-4.740000E+00,+2.093750E+00
-4.737500E+00,+2.093750E+00
-4.735000E+00,+2.093750E+00
-4.732500E+00,+2.093750E+00
-4.730000E+00,+2.093750E+00
-4.727500E+00,+2.109375E+00
-4.725000E+00,-15.625E-03
-4.722500E+00,+0E+00
-4.720000E+00,+2.093750E+00
-4.717500E+00,+2.109375E+00
-4.715000E+00,+2.093750E+00
-4.712500E+00,+2.093750E+00
-4.710000E+00,+2.109375E+00
-4.707500E+00,+2.109375E+00
-4.705000E+00,+2.093750E+00
-4.702500E+00,+2.093750E+00
-4.700000E+00,+2.093750E+00
-4.697500E+00,+2.125000E+00
-4.695000E+00,+2.109375E+00
-4.692500E+00,+2.093750E+00
-4.690000E+00,+2.093750E+00
-4.687500E+00,+31.250E-03
-4.685000E+00,+46.875E-03
-4.682500E+00,+2.109375E+00
-4.680000E+00,+2.093750E+00
-4.677500E+00,+2.093750E+00
-4.675000E+00,+2.109375E+00
-4.672500E+00,+2.093750E+00
-4.670000E+00,+2.093750E+00
-4.667500E+00,+2.125000E+00
-4.665000E+00,+2.093750E+00
-4.662500E+00,+2.093750E+00
-4.660000E+00,+2.093750E+00
-4.657500E+00,+2.109375E+00
-4.655000E+00,+2.109375E+00
-4.652500E+00,+2.125000E+00
-4.650000E+00,+2.093750E+00
-4.647500E+00,+0.00000E+00
-4.645000E+00,+0E+00
-4.642500E+00,+2.093750E+00
-4.640000E+00,+2.093750E+00
-4.637500E+00,+2.093750E+00
-4.635000E+00,+2.093750E+00
-4.632500E+00,+2.093750E+00
-4.630000E+00,+2.093750E+00
-4.627500E+00,+2.093750E+00
-4.625000E+00,+2.093750E+00
-4.622500E+00,+2.093750E+00
-4.620000E+00,+2.109375E+00
-4.617500E+00,+2.109375E+00
-4.615000E+00,+2.109375E+00
-4.612500E+00,+2.093750E+00
-4.610000E+00,+0E+00
-4.607500E+00,+31.250E-03
-4.605000E+00,+2.109375E+00
-4.602500E+00,+2.093750E+00
-4.600000E+00,+2.093750E+00
-4.597500E+00,+2.093750E+00
-4.595000E+00,+2.093750E+00
-4.592500E+00,+2.109375E+00
-4.590000E+00,+2.093750E+00
-4.587500E+00,+2.093750E+00
-4.585000E+00,+2.093750E+00
-4.582500E+00,+2.093750E+00
-4.580000E+00,+2.093750E+00
-4.577500E+00,+2.093750E+00
-4.575000E+00,+2.109375E+00
-4.572500E+00,+2.093750E+00
-4.570000E+00,+2.093750E+00
-4.567500E+00,+31.250E-03
-4.565000E+00,-15.625E-03
-4.562500E+00,+2.109375E+00
-4.560000E+00,+2.093750E+00
-4.557500E+00,+2.093750E+00
-4.555000E+00,+2.109375E+00
-4.552500E+00,+2.109375E+00
-4.550000E+00,+2.093750E+00
-4.547500E+00,+2.093750E+00
-4.545000E+00,+2.125000E+00
-4.542500E+00,+2.109375E+00
-4.540000E+00,+2.109375E+00
-4.537500E+00,+2.093750E+00
-4.535000E+00,+2.109375E+00
-4.532500E+00,+2.109375E+00
-4.530000E+00,+2.109375E+00
-4.527500E+00,+46.875E-03
-4.525000E+00,+46.875E-03
-4.522500E+00,+2.093750E+00
-4.520000E+00,+2.093750E+00
-4.517500E+00,+2.093750E+00
-4.515000E+00,+2.093750E+00
-4.512500E+00,+2.093750E+00
-4.510000E+00,+2.109375E+00
-4.507500E+00,+2.093750E+00
-4.505000E+00,+2.109375E+00
-4.502500E+00,+2.109375E+00
-4.500000E+00,+2.109375E+00
-4.497500E+00,+2.093750E+00
-4.495000E+00,+2.093750E+00
-4.492500E+00,+2.109375E+00
-4.490000E+00,+2.093750E+00
-4.487500E+00,+31.250E-03
-4.485000E+00,+0E+00
-4.482500E+00,+2.109375E+00
-4.480000E+00,+2.093750E+00
-4.477500E+00,+2.093750E+00
-4.475000E+00,+2.093750E+00
-4.472500E+00,+2.109375E+00
-4.470000E+00,+2.093750E+00
-4.467500E+00,+2.109375E+00
-4.465000E+00,+2.109375E+00
-4.462500E+00,+2.093750E+00
-4.460000E+00,+2.109375E+00
-4.457500E+00,+2.109375E+00
-4.455000E+00,+2.093750E+00
-4.452500E+00,+2.109375E+00
-4.450000E+00,+2.109375E+00
-4.447500E+00,+2.093750E+00
-4.445000E+00,+15.625E-03
-4.442500E+00,+2.109375E+00
-4.440000E+00,+2.109375E+00
-4.437500E+00,+2.109375E+00
-4.435000E+00,+2.125000E+00
-4.432500E+00,+2.109375E+00
-4.430000E+00,+2.093750E+00
-4.427500E+00,+2.109375E+00
-4.425000E+00,+2.093750E+00
-4.422500E+00,+2.093750E+00
-4.420000E+00,+2.125000E+00
-4.417500E+00,+2.109375E+00
-4.415000E+00,+2.093750E+00
-4.412500E+00,+2.093750E+00
-4.410000E+00,-15.625E-03
-4.407500E+00,+15.625E-03
-4.405000E+00,+0E+00
-4.402500E+00,+2.109375E+00
-4.400000E+00,+2.093750E+00
-4.397500E+00,+2.109375E+00
-4.395000E+00,+2.109375E+00
-4.392500E+00,+2.093750E+00
-4.390000E+00,+2.093750E+00
-4.387500E+00,+2.109375E+00
-4.385000E+00,+2.093750E+00
-4.382500E+00,+2.093750E+00
-4.380000E+00,+2.093750E+00
-4.377500E+00,+2.109375E+00
-4.375000E+00,+2.093750E+00
-4.372500E+00,+2.093750E+00
-4.370000E+00,+0E+00
-4.367500E+00,+2.109375E+00
-4.365000E+00,+2.109375E+00
-4.362500E+00,+2.109375E+00
-4.360000E+00,+2.093750E+00
-4.357500E+00,+2.093750E+00
-4.355000E+00,+2.093750E+00
-4.352500E+00,+2.109375E+00
-4.350000E+00,+2.109375E+00
-4.347500E+00,+2.093750E+00
-4.345000E+00,+2.093750E+00
-4.342500E+00,+2.109375E+00
-4.340000E+00,+2.093750E+00
-4.337500E+00,+2.109375E+00
-4.335000E+00,+2.093750E+00
-4.332500E+00,+2.093750E+00
-4.330000E+00,+2.093750E+00
-4.327500E+00,+15.625E-03
-4.325000E+00,-15.625E-03
-4.322500E+00,+2.093750E+00
-4.320000E+00,+2.093750E+00
-4.317500E+00,+2.109375E+00
-4.315000E+00,+2.109375E+00
-4.312500E+00,+2.093750E+00
-4.310000E+00,+2.109375E+00
-4.307500E+00,+2.093750E+00
-4.305000E+00,+2.109375E+00
-4.302500E+00,+2.109375E+00
-4.300000E+00,+2.109375E+00
-4.297500E+00,+2.093750E+00
-4.295000E+00,+2.093750E+00
-4.292500E+00,+2.125000E+00
-4.290000E+00,+0E+00
-4.287500E+00,+2.125000E+00
-4.285000E+00,+0E+00
-4.282500E+00,+2.093750E+00
-4.280000E+00,+2.093750E+00
-4.277500E+00,+2.109375E+00
-4.275000E+00,+2.093750E+00
-4.272500E+00,+2.109375E+00
-4.270000E+00,+2.093750E+00
-4.267500E+00,+2.109375E+00
-4.265000E+00,+2.093750E+00
-4.262500E+00,+2.093750E+00
-4.260000E+00,+2.093750E+00
-4.257500E+00,+2.093750E+00
-4.255000E+00,+2.093750E+00
-4.252500E+00,+2.125000E+00
-4.250000E+00,+2.109375E+00
-4.247500E+00,+2.109375E+00
-4.245000E+00,+0E+00
-4.242500E+00,+2.109375E+00
-4.240000E+00,+2.093750E+00
-4.237500E+00,+2.093750E+00
-4.235000E+00,+2.093750E+00
-4.232500E+00,+2.109375E+00
-4.230000E+00,+2.109375E+00
-4.227500E+00,+2.109375E+00
-4.225000E+00,+2.093750E+00
-4.222500E+00,+2.093750E+00
-4.220000E+00,+2.109375E+00
-4.217500E+00,+2.093750E+00
-4.215000E+00,+2.093750E+00
-4.212500E+00,+2.093750E+00
-4.210000E+00,+78.125E-03
-4.207500E+00,+46.875E-03
-4.205000E+00,+0E+00
-4.202500E+00,+2.093750E+00
-4.200000E+00,+2.109375E+00
-4.197500E+00,+2.093750E+00
-4.195000E+00,+2.109375E+00
-4.192500E+00,+2.109375E+00
-4.190000E+00,+2.109375E+00
-4.187500E+00,+2.109375E+00
-4.185000E+00,+2.093750E+00
-4.182500E+00,+2.093750E+00
-4.180000E+00,+2.109375E+00
-4.177500E+00,+2.093750E+00
-4.175000E+00,+2.093750E+00
-4.172500E+00,+2.109375E+00
-4.170000E+00,+2.093750E+00
-4.167500E+00,+15.625E-03
-4.165000E+00,+0E+00
-4.162500E+00,+2.109375E+00
-4.160000E+00,+2.125000E+00
-4.157500E+00,+2.093750E+00
-4.155000E+00,+2.093750E+00
-4.152500E+00,+2.093750E+00
-4.150000E+00,+2.109375E+00
-4.147500E+00,+2.093750E+00
-4.145000E+00,+2.109375E+00
-4.142500E+00,+2.093750E+00
-4.140000E+00,+2.109375E+00
-4.137500E+00,+2.093750E+00
-4.135000E+00,+2.093750E+00
-4.132500E+00,+2.109375E+00
-4.130000E+00,+0E+00
-4.127500E+00,+31.250E-03
-4.125000E+00,+0E+00
-4.122500E+00,+2.093750E+00
-4.120000E+00,+2.093750E+00
-4.117500E+00,+2.093750E+00
-4.115000E+00,+2.093750E+00
-4.112500E+00,+2.109375E+00
-4.110000E+00,+2.093750E+00
-4.107500E+00,+2.093750E+00
-4.105000E+00,+2.093750E+00
-4.102500E+00,+2.109375E+00
-4.100000E+00,+2.109375E+00
-4.097500E+00,+2.093750E+00
-4.095000E+00,+2.093750E+00
-4.092500E+00,+2.093750E+00
-4.090000E+00,+0E+00
-4.087500E+00,+62.500E-03
-4.085000E+00,+2.109375E+00
-4.082500E+00,+2.093750E+00
-4.080000E+00,+2.093750E+00
-4.077500E+00,+2.093750E+00
-4.075000E+00,+2.109375E+00
-4.072500E+00,+2.109375E+00
-4.070000E+00,+2.093750E+00
-4.067500E+00,+2.109375E+00
-4.065000E+00,+2.093750E+00
-4.062500E+00,+2.093750E+00
-4.060000E+00,+2.109375E+00
-4.057500E+00,+2.093750E+00
-4.055000E+00,+2.093750E+00
-4.052500E+00,+2.109375E+00
-4.050000E+00,+2.093750E+00
-4.047500E+00,+312.500E-03
-4.045000E+00,+2.093750E+00
-4.042500E+00,+2.093750E+00
-4.040000E+00,+2.093750E+00
-4.037500E+00,+2.093750E+00
-4.035000E+00,+2.093750E+00
-4.032500E+00,+2.109375E+00
-4.030000E+00,+2.093750E+00
-4.027500E+00,+2.093750E+00
-4.025000E+00,+2.109375E+00
-4.022500E+00,+2.093750E+00
-4.020000E+00,+2.093750E+00
-4.017500E+00,+2.093750E+00
-4.015000E+00,+2.093750E+00
-4.012500E+00,+2.093750E+00
-4.010000E+00,+2.093750E+00
-4.007500E+00,+31.250E-03
-4.005000E+00,+0E+00
-4.002500E+00,+2.093750E+00
-4.000000E+00,+2.109375E+00
-3.997500E+00,+2.093750E+00
-3.995000E+00,+2.093750E+00
-3.992500E+00,+2.109375E+00
-3.990000E+00,+2.109375E+00
-3.987500E+00,+2.109375E+00
-3.985000E+00,+2.109375E+00
-3.982500E+00,+2.093750E+00
-3.980000E+00,+2.093750E+00
-3.977500E+00,+2.109375E+00
-3.975000E+00,+2.093750E+00
-3.972500E+00,+2.109375E+00
-3.970000E+00,+0.00000E+00
-3.967500E+00,+0.00000E+00
-3.965000E+00,+0E+00
-3.962500E+00,+2.093750E+00
-3.960000E+00,+2.093750E+00
-3.957500E+00,+2.109375E+00
-3.955000E+00,+2.093750E+00
-3.952500E+00,+2.093750E+00
-3.950000E+00,+2.109375E+00
-3.947500E+00,+2.093750E+00
-3.945000E+00,+2.093750E+00
-3.942500E+00,+2.109375E+00
-3.940000E+00,+2.093750E+00
-3.937500E+00,+2.109375E+00
-3.935000E+00,+2.109375E+00
-3.932500E+00,+2.109375E+00
-3.930000E+00,+31.250E-03
-3.927500E+00,+0.00000E+00
-3.925000E+00,+0E+00
-3.922500E+00,+2.093750E+00
-3.920000E+00,+2.093750E+00
-3.917500E+00,+2.109375E+00
-3.915000E+00,+2.093750E+00
-3.912500E+00,+2.093750E+00
-3.910000E+00,+2.093750E+00
-3.907500E+00,+2.093750E+00
-3.905000E+00,+2.109375E+00
-3.902500E+00,+2.093750E+00
-3.900000E+00,+2.109375E+00
-3.897500E+00,+2.093750E+00
-3.895000E+00,+2.109375E+00
-3.892500E+00,+2.093750E+00
-3.890000E+00,+2.093750E+00
-3.887500E+00,+31.250E-03
-3.885000E+00,+0E+00
-3.882500E+00,+2.093750E+00
-3.880000E+00,+2.109375E+00
-3.877500E+00,+2.109375E+00
-3.875000E+00,+2.093750E+00
-3.872500E+00,+2.093750E+00
-3.870000E+00,+2.093750E+00
-3.867500E+00,+2.093750E+00
-3.865000E+00,+2.093750E+00
-3.862500E+00,+2.093750E+00
-3.860000E+00,+2.093750E+00
-3.857500E+00,+2.109375E+00
-3.855000E+00,+2.109375E+00
-3.852500E+00,+2.093750E+00
-3.850000E+00,+0E+00
-3.847500E+00,-15.625E-03
-3.845000E+00,+0E+00
-3.842500E+00,+2.093750E+00
-3.840000E+00,+2.109375E+00
-3.837500E+00,+2.093750E+00
-3.835000E+00,+2.093750E+00
-3.832500E+00,+2.093750E+00
-3.830000E+00,+2.093750E+00
-3.827500E+00,+2.109375E+00
-3.825000E+00,+2.109375E+00
-3.822500E+00,+2.109375E+00
-3.820000E+00,+2.109375E+00
-3.817500E+00,+2.109375E+00
-3.815000E+00,+2.093750E+00
-3.812500E+00,+2.093750E+00
-3.810000E+00,+31.250E-03
-3.807500E+00,+15.625E-03
-3.805000E+00,+2.109375E+00
-3.802500E+00,+2.093750E+00
-3.800000E+00,+2.093750E+00
-3.797500E+00,+2.093750E+00
-3.795000E+00,+2.109375E+00
-3.792500E+00,+2.093750E+00
-3.790000E+00,+2.109375E+00
-3.787500E+00,+2.109375E+00
-3.785000E+00,+2.093750E+00
-3.782500E+00,+2.093750E+00
-3.780000E+00,+2.093750E+00
-3.777500E+00,+2.109375E+00
-3.775000E+00,+2.125000E+00
-3.772500E+00,+2.093750E+00
-3.770000E+00,+15.625E-03
-3.767500E+00,+46.875E-03
-3.765000E+00,+2.093750E+00
-3.762500E+00,+2.093750E+00
-3.760000E+00,+2.109375E+00
-3.757500E+00,+2.093750E+00
-3.755000E+00,+2.109375E+00
-3.752500E+00,+2.093750E+00
-3.750000E+00,+2.093750E+00
-3.747500E+00,+2.109375E+00
-3.745000E+00,+2.093750E+00
-3.742500E+00,+2.093750E+00
-3.740000E+00,+2.093750E+00
-3.737500E+00,+2.093750E+00
-3.735000E+00,+2.109375E+00
-3.732500E+00,+2.093750E+00
-3.730000E+00,+2.093750E+00
-3.727500E+00,+15.625E-03
-3.725000E+00,+2.109375E+00
-3.722500E+00,+2.093750E+00
-3.720000E+00,+2.109375E+00
-3.717500E+00,+2.093750E+00
-3.715000E+00,+2.109375E+00
-3.712500E+00,+2.093750E+00
-3.710000E+00,+2.109375E+00
-3.707500E+00,+2.109375E+00
-3.705000E+00,+2.093750E+00
-3.702500E+00,+2.093750E+00
-3.700000E+00,+2.109375E+00
-3.697500E+00,+2.109375E+00
-3.695000E+00,+2.093750E+00
-3.692500E+00,+2.093750E+00
-3.690000E+00,+2.093750E+00
-3.687500E+00,+0E+00
-3.685000E+00,+2.093750E+00
-3.682500E+00,+2.109375E+00
-3.680000E+00,+2.093750E+00
-3.677500E+00,+2.093750E+00
-3.675000E+00,+2.125000E+00
-3.672500E+00,+2.109375E+00
-3.670000E+00,+2.093750E+00
-3.667500E+00,+2.093750E+00
-3.665000E+00,+2.125000E+00
-3.662500E+00,+2.109375E+00
-3.660000E+00,+2.109375E+00
-3.657500E+00,+2.093750E+00
-3.655000E+00,+2.109375E+00
-3.652500E+00,+2.109375E+00
-3.650000E+00,+2.109375E+00
-3.647500E+00,+2.109375E+00
-3.645000E+00,+2.093750E+00
-3.642500E+00,+2.109375E+00
-3.640000E+00,+2.093750E+00
-3.637500E+00,+2.093750E+00
-3.635000E+00,+2.093750E+00
-3.632500E+00,+2.109375E+00
-3.630000E+00,+2.093750E+00
-3.627500E+00,+2.093750E+00
-3.625000E+00,+2.109375E+00
-3.622500E+00,+2.093750E+00
-3.620000E+00,+2.093750E+00
-3.617500E+00,+2.109375E+00
-3.615000E+00,+2.093750E+00
-3.612500E+00,+2.093750E+00
-3.610000E+00,+2.093750E+00
-3.607500E+00,+31.250E-03
-3.605000E+00,+2.093750E+00
-3.602500E+00,+2.109375E+00
-3.600000E+00,+2.109375E+00
-3.597500E+00,+2.093750E+00
-3.595000E+00,+2.093750E+00
-3.592500E+00,+2.093750E+00
-3.590000E+00,+2.109375E+00
-3.587500E+00,+2.093750E+00
-3.585000E+00,+2.093750E+00
-3.582500E+00,+2.109375E+00
-3.580000E+00,+2.093750E+00
-3.577500E+00,+2.109375E+00
-3.575000E+00,+2.109375E+00
-3.572500E+00,+2.093750E+00
-3.570000E+00,+2.093750E+00
-3.567500E+00,-15.625E-03
-3.565000E+00,+2.109375E+00
-3.562500E+00,+2.109375E+00
-3.560000E+00,+2.093750E+00
-3.557500E+00,+2.093750E+00
-3.555000E+00,+2.109375E+00
-3.552500E+00,+2.109375E+00
-3.550000E+00,+2.093750E+00
-3.547500E+00,+2.093750E+00
-3.545000E+00,+2.109375E+00
-3.542500E+00,+2.093750E+00
-3.540000E+00,+2.109375E+00
-3.537500E+00,+2.109375E+00
-3.535000E+00,+2.093750E+00
-3.532500E+00,+2.109375E+00
-3.530000E+00,-15.625E-03
-3.527500E+00,+46.875E-03
-3.525000E+00,+2.125000E+00
-3.522500E+00,+2.109375E+00
-3.520000E+00,+2.109375E+00
-3.517500E+00,+2.093750E+00
-3.515000E+00,+2.093750E+00
-3.512500E+00,+2.109375E+00
-3.510000E+00,+2.093750E+00
-3.507500E+00,+2.109375E+00
-3.505000E+00,+2.093750E+00
-3.502500E+00,+2.109375E+00
-3.500000E+00,+2.093750E+00
-3.497500E+00,+2.093750E+00
-3.495000E+00,+2.109375E+00
-3.492500E+00,+2.109375E+00
-3.490000E+00,+2.109375E+00
-3.487500E+00,+0E+00
-3.485000E+00,+2.093750E+00
-3.482500E+00,+2.093750E+00
-3.480000E+00,+2.093750E+00
-3.477500E+00,+2.109375E+00
-3.475000E+00,+2.109375E+00
-3.472500E+00,+2.093750E+00
-3.470000E+00,+2.093750E+00
-3.467500E+00,+2.109375E+00
-3.465000E+00,+2.093750E+00
-3.462500E+00,+2.109375E+00
-3.460000E+00,+2.093750E+00
-3.457500E+00,+2.093750E+00
-3.455000E+00,+2.109375E+00
-3.452500E+00,+2.109375E+00
-3.450000E+00,+31.250E-03
-3.447500E+00,+2.109375E+00
-3.445000E+00,+2.093750E+00
-3.442500E+00,+2.093750E+00
-3.440000E+00,+2.093750E+00
-3.437500E+00,+2.109375E+00
-3.435000E+00,+2.093750E+00
-3.432500E+00,+2.109375E+00
-3.430000E+00,+2.109375E+00
-3.427500E+00,+2.093750E+00
-3.425000E+00,+2.093750E+00
-3.422500E+00,+2.109375E+00
-3.420000E+00,+2.093750E+00
-3.417500E+00,+2.093750E+00
-3.415000E+00,+2.093750E+00
-3.412500E+00,+0E+00
-3.410000E+00,+203.125E-03
-3.407500E+00,+0E+00
-3.405000E+00,+2.109375E+00
-3.402500E+00,+2.093750E+00
-3.400000E+00,+2.093750E+00
-3.397500E+00,+2.093750E+00
-3.395000E+00,+2.093750E+00
-3.392500E+00,+2.109375E+00
-3.390000E+00,+2.093750E+00
-3.387500E+00,+2.093750E+00
-3.385000E+00,+2.109375E+00
-3.382500E+00,+2.109375E+00
-3.380000E+00,+2.109375E+00
-3.377500E+00,+2.093750E+00
-3.375000E+00,+2.093750E+00
-3.372500E+00,+2.109375E+00
-3.370000E+00,+31.250E-03
-3.367500E+00,+15.625E-03
-3.365000E+00,+2.093750E+00
-3.362500E+00,+2.093750E+00
-3.360000E+00,+2.093750E+00
-3.357500E+00,+2.109375E+00
-3.355000E+00,+2.093750E+00
-3.352500E+00,+2.093750E+00
-3.350000E+00,+2.093750E+00
-3.347500E+00,+2.093750E+00
-3.345000E+00,+2.109375E+00
-3.342500E+00,+2.125000E+00
-3.340000E+00,+2.093750E+00
-3.337500E+00,+2.109375E+00
-3.335000E+00,+2.109375E+00
-3.332500E+00,+2.093750E+00
-3.330000E+00,+2.109375E+00
-3.327500E+00,-15.625E-03
-3.325000E+00,+2.109375E+00
-3.322500E+00,+2.093750E+00
-3.320000E+00,+2.109375E+00
-3.317500E+00,+2.109375E+00
-3.315000E+00,+2.109375E+00
-3.312500E+00,+2.093750E+00
-3.310000E+00,+2.109375E+00
-3.307500E+00,+2.093750E+00
-3.305000E+00,+2.125000E+00
-3.302500E+00,+2.093750E+00
-3.300000E+00,+2.109375E+00
-3.297500E+00,+2.093750E+00
-3.295000E+00,+2.093750E+00
-3.292500E+00,+2.093750E+00
-3.290000E+00,+46.875E-03
-3.287500E+00,+0E+00
-3.285000E+00,+2.093750E+00
-3.282500E+00,+2.093750E+00
-3.280000E+00,+2.093750E+00
-3.277500E+00,+2.093750E+00
-3.275000E+00,+2.109375E+00
-3.272500E+00,+2.093750E+00
-3.270000E+00,+2.109375E+00
-3.267500E+00,+2.093750E+00
-3.265000E+00,+2.093750E+00
-3.262500E+00,+2.109375E+00
-3.260000E+00,+2.093750E+00
-3.257500E+00,+2.093750E+00
-3.255000E+00,+2.109375E+00
-3.252500E+00,+2.093750E+00
-3.250000E+00,+31.250E-03
-3.247500E+00,+0E+00
-3.245000E+00,+2.093750E+00
-3.242500E+00,+2.109375E+00
-3.240000E+00,+2.093750E+00
-3.237500E+00,+2.093750E+00
-3.235000E+00,+2.093750E+00
-3.232500E+00,+2.109375E+00
-3.230000E+00,+2.093750E+00
-3.227500E+00,+2.093750E+00
-3.225000E+00,+2.109375E+00
-3.222500E+00,+2.109375E+00
-3.220000E+00,+2.093750E+00
-3.217500E+00,+2.093750E+00
-3.215000E+00,+2.093750E+00
-3.212500E+00,+2.109375E+00
-3.210000E+00,+15.625E-03
-3.207500E+00,+0E+00
-3.205000E+00,+2.093750E+00
-3.202500E+00,+2.109375E+00
-3.200000E+00,+2.093750E+00
-3.197500E+00,+2.093750E+00
-3.195000E+00,+2.093750E+00
-3.192500E+00,+2.093750E+00
-3.190000E+00,+2.093750E+00
-3.187500E+00,+2.093750E+00
-3.185000E+00,+2.109375E+00
-3.182500E+00,+2.093750E+00
-3.180000E+00,+2.109375E+00
-3.177500E+00,+2.093750E+00
-3.175000E+00,+2.109375E+00
-3.172500E+00,+31.250E-03
-3.170000E+00,+2.109375E+00
-3.167500E+00,-15.625E-03
-3.165000E+00,+2.093750E+00
-3.162500E+00,+2.109375E+00
-3.160000E+00,+2.093750E+00
-3.157500E+00,+2.093750E+00
-3.155000E+00,+2.093750E+00
-3.152500E+00,+2.093750E+00
-3.150000E+00,+2.093750E+00
-3.147500E+00,+2.093750E+00
-3.145000E+00,+2.093750E+00
-3.142500E+00,+2.093750E+00
-3.140000E+00,+2.093750E+00
-3.137500E+00,+2.093750E+00
-3.135000E+00,+2.109375E+00
-3.132500E+00,+0E+00
-3.130000E+00,+31.250E-03
-3.127500E+00,+2.093750E+00
-3.125000E+00,+2.093750E+00
-3.122500E+00,+2.093750E+00
-3.120000E+00,+2.109375E+00
-3.117500E+00,+2.093750E+00
-3.115000E+00,+2.109375E+00
-3.112500E+00,+2.109375E+00
-3.110000E+00,+2.093750E+00
-3.107500E+00,+2.093750E+00
-3.105000E+00,+2.093750E+00
-3.102500E+00,+2.109375E+00
-3.100000E+00,+2.093750E+00
-3.097500E+00,+2.125000E+00
-3.095000E+00,+2.093750E+00
-3.092500E+00,-15.625E-03
-3.090000E+00,+31.250E-03
-3.087500E+00,+31.250E-03
-3.085000E+00,+2.093750E+00
-3.082500E+00,+2.093750E+00
-3.080000E+00,+2.093750E+00
-3.077500E+00,+2.093750E+00
-3.075000E+00,+2.109375E+00
-3.072500E+00,+2.093750E+00
-3.070000E+00,+2.093750E+00
-3.067500E+00,+2.093750E+00
-3.065000E+00,+2.093750E+00
-3.062500E+00,+2.109375E+00
-3.060000E+00,+2.093750E+00
-3.057500E+00,+2.093750E+00
-3.055000E+00,+2.093750E+00
-3.052500E+00,+0E+00
-3.050000E+00,+31.250E-03
-3.047500E+00,+0E+00
-3.045000E+00,+2.109375E+00
-3.042500E+00,+2.093750E+00
-3.040000E+00,+2.093750E+00
-3.037500E+00,+2.093750E+00
-3.035000E+00,+2.109375E+00
-3.032500E+00,+2.093750E+00
-3.030000E+00,+2.109375E+00
-3.027500E+00,+2.125000E+00
-3.025000E+00,+2.093750E+00
-3.022500E+00,+2.109375E+00
-3.020000E+00,+2.093750E+00
-3.017500E+00,+2.109375E+00
-3.015000E+00,+2.093750E+00
-3.012500E+00,+0E+00
-3.010000E+00,+31.250E-03
-3.007500E+00,+0E+00
-3.005000E+00,+2.093750E+00
-3.002500E+00,+2.093750E+00
-3.000000E+00,+2.093750E+00
-2.997500E+00,+2.109375E+00
-2.995000E+00,+2.109375E+00
-2.992500E+00,+2.093750E+00
-2.990000E+00,+2.109375E+00
-2.987500E+00,+2.109375E+00
-2.985000E+00,+2.109375E+00
-2.982500E+00,+2.109375E+00
-2.980000E+00,+2.109375E+00
-2.977500E+00,+2.093750E+00
-2.975000E+00,+2.109375E+00
-2.972500E+00,+2.093750E+00
-2.970000E+00,+2.093750E+00
-2.967500E+00,+0E+00
-2.965000E+00,+2.093750E+00
-2.962500E+00,+2.093750E+00
-2.960000E+00,+2.109375E+00
-2.957500E+00,+2.093750E+00
-2.955000E+00,+2.093750E+00
-2.952500E+00,+2.093750E+00
-2.950000E+00,+2.093750E+00
-2.947500E+00,+2.093750E+00
-2.945000E+00,+2.093750E+00
-2.942500E+00,+2.109375E+00
-2.940000E+00,+2.093750E+00
-2.937500E+00,+2.093750E+00
-2.935000E+00,+2.093750E+00
-2.932500E+00,+0E+00
-2.930000E+00,+31.250E-03
-2.927500E+00,+0E+00
-2.925000E+00,+2.109375E+00
-2.922500E+00,+0.00000E+00
-2.920000E+00,+0.00000E+00
-2.917500E+00,+0.00000E+00
-2.915000E+00,+0E+00
-2.912500E+00,+2.125000E+00
-2.910000E+00,+0.00000E+00
-2.907500E+00,+0E+00
-2.905000E+00,+2.109375E+00
-2.902500E+00,+2.109375E+00
-2.900000E+00,+2.109375E+00
-2.897500E+00,+2.109375E+00
-2.895000E+00,+2.125000E+00
-2.892500E+00,+15.625E-03
-2.890000E+00,+2.093750E+00
-2.887500E+00,+0E+00
-2.885000E+00,+2.093750E+00
-2.882500E+00,+2.093750E+00
-2.880000E+00,+2.109375E+00
-2.877500E+00,+2.093750E+00
-2.875000E+00,+2.093750E+00
-2.872500E+00,+2.109375E+00
-2.870000E+00,+2.109375E+00
-2.867500E+00,+2.109375E+00
-2.865000E+00,+2.109375E+00
-2.862500E+00,+2.093750E+00
-2.860000E+00,+2.093750E+00
-2.857500E+00,+2.093750E+00
-2.855000E+00,+2.093750E+00
-2.852500E+00,+0E+00
-2.850000E+00,+31.250E-03
-2.847500E+00,-15.625E-03
-2.845000E+00,+2.109375E+00
-2.842500E+00,+2.109375E+00
-2.840000E+00,+2.093750E+00
-2.837500E+00,+2.109375E+00
-2.835000E+00,+2.109375E+00
-2.832500E+00,+2.093750E+00
-2.830000E+00,+2.093750E+00
-2.827500E+00,+2.093750E+00
-2.825000E+00,+2.109375E+00
-2.822500E+00,+2.093750E+00
-2.820000E+00,+2.093750E+00
-2.817500E+00,+2.109375E+00
-2.815000E+00,+2.093750E+00
-2.812500E+00,+2.109375E+00
-2.810000E+00,+2.093750E+00
-2.807500E+00,+2.109375E+00
-2.805000E+00,+2.093750E+00
-2.802500E+00,+2.093750E+00
-2.800000E+00,+2.109375E+00
-2.797500E+00,+2.093750E+00
-2.795000E+00,+2.093750E+00
-2.792500E+00,+2.093750E+00
-2.790000E+00,+2.125000E+00
-2.787500E+00,+2.109375E+00
-2.785000E+00,+2.109375E+00
-2.782500E+00,+2.093750E+00
-2.780000E+00,+2.093750E+00
-2.777500E+00,+2.109375E+00
-2.775000E+00,+2.109375E+00
-2.772500E+00,+2.109375E+00
-2.770000E+00,+31.250E-03
-2.767500E+00,+2.093750E+00
-2.765000E+00,+2.109375E+00
-2.762500E+00,+2.093750E+00
-2.760000E+00,+2.093750E+00
-2.757500E+00,+2.093750E+00
-2.755000E+00,+2.109375E+00
-2.752500E+00,+2.093750E+00
-2.750000E+00,+2.109375E+00
-2.747500E+00,+2.093750E+00
-2.745000E+00,+2.109375E+00
-2.742500E+00,+2.109375E+00
-2.740000E+00,+2.109375E+00
-2.737500E+00,+2.093750E+00
-2.735000E+00,+2.109375E+00
-2.732500E+00,+31.250E-03
-2.730000E+00,+2.109375E+00
-2.727500E+00,-15.625E-03
-2.725000E+00,+2.093750E+00
-2.722500E+00,+2.109375E+00
-2.720000E+00,+2.109375E+00
-2.717500E+00,+2.093750E+00
-2.715000E+00,+2.093750E+00
-2.712500E+00,+2.109375E+00
-2.710000E+00,+2.093750E+00
-2.707500E+00,+2.109375E+00
-2.705000E+00,+2.109375E+00
-2.702500E+00,+2.109375E+00
-2.700000E+00,+2.109375E+00
-2.697500E+00,+2.093750E+00
-2.695000E+00,+2.109375E+00
-2.692500E+00,+0E+00
-2.690000E+00,+156.250E-03
-2.687500E+00,+2.109375E+00
-2.685000E+00,+2.109375E+00
-2.682500E+00,+2.093750E+00
-2.680000E+00,+2.093750E+00
-2.677500E+00,+2.093750E+00
-2.675000E+00,+2.093750E+00
-2.672500E+00,+2.093750E+00
-2.670000E+00,+2.109375E+00
-2.667500E+00,+2.093750E+00
-2.665000E+00,+2.109375E+00
-2.662500E+00,+2.093750E+00
-2.660000E+00,+2.109375E+00
-2.657500E+00,+2.093750E+00
-2.655000E+00,+2.109375E+00
-2.652500E+00,+2.093750E+00
-2.650000E+00,+31.250E-03
-2.647500E+00,+2.093750E+00
-2.645000E+00,+2.109375E+00
-2.642500E+00,+2.093750E+00
-2.640000E+00,+2.109375E+00
-2.637500E+00,+2.093750E+00
-2.635000E+00,+2.109375E+00
-2.632500E+00,+2.093750E+00
-2.630000E+00,+2.109375E+00
-2.627500E+00,+2.093750E+00
-2.625000E+00,+2.093750E+00
-2.622500E+00,+2.093750E+00
-2.620000E+00,+2.093750E+00
-2.617500E+00,+2.109375E+00
-2.615000E+00,+2.109375E+00
-2.612500E+00,+1.546875E+00
-2.610000E+00,+31.250E-03
-2.607500E+00,+0E+00
-2.605000E+00,+2.109375E+00
-2.602500E+00,+2.093750E+00
-2.600000E+00,+2.093750E+00
-2.597500E+00,+2.093750E+00
-2.595000E+00,+2.093750E+00
-2.592500E+00,+2.125000E+00
-2.590000E+00,+2.109375E+00
-2.587500E+00,+2.109375E+00
-2.585000E+00,+2.109375E+00
-2.582500E+00,+2.093750E+00
-2.580000E+00,+2.109375E+00
-2.577500E+00,+2.109375E+00
-2.575000E+00,+2.093750E+00
-2.572500E+00,+0E+00
-2.570000E+00,+31.250E-03
-2.567500E+00,+2.093750E+00
-2.565000E+00,+2.093750E+00
-2.562500E+00,+2.109375E+00
-2.560000E+00,+2.093750E+00
-2.557500E+00,+2.109375E+00
-2.555000E+00,+2.093750E+00
-2.552500E+00,+2.093750E+00
-2.550000E+00,+2.093750E+00
-2.547500E+00,+2.109375E+00
-2.545000E+00,+2.093750E+00
-2.542500E+00,+2.093750E+00
-2.540000E+00,+2.109375E+00
-2.537500E+00,+2.093750E+00
-2.535000E+00,+2.093750E+00
-2.532500E+00,+0.00000E+00
-2.530000E+00,+0.00000E+00
-2.527500E+00,+0E+00
-2.525000E+00,+2.093750E+00
-2.522500E+00,+2.093750E+00
-2.520000E+00,+2.093750E+00
-2.517500E+00,+2.093750E+00
-2.515000E+00,+2.093750E+00
-2.512500E+00,+2.093750E+00
-2.510000E+00,+2.093750E+00
-2.507500E+00,+2.109375E+00
-2.505000E+00,+2.109375E+00
-2.502500E+00,+2.109375E+00
-2.500000E+00,+2.109375E+00
-2.497500E+00,+2.093750E+00
-2.495000E+00,+2.093750E+00
-2.492500E+00,+46.875E-03
-2.490000E+00,+15.625E-03
-2.487500E+00,+2.109375E+00
-2.485000E+00,+2.093750E+00
-2.482500E+00,+2.109375E+00
-2.480000E+00,+2.093750E+00
-2.477500E+00,+2.093750E+00
-2.475000E+00,+2.093750E+00
-2.472500E+00,+2.093750E+00
-2.470000E+00,+2.109375E+00
-2.467500E+00,+2.093750E+00
-2.465000E+00,+2.093750E+00
-2.462500E+00,+2.093750E+00
-2.460000E+00,+2.093750E+00
-2.457500E+00,+2.109375E+00
-2.455000E+00,+2.093750E+00
-2.452500E+00,+31.250E-03
-2.450000E+00,+0E+00
-2.447500E+00,+2.109375E+00
-2.445000E+00,+2.109375E+00
-2.442500E+00,-15.625E-03
-2.440000E+00,-15.625E-03
-2.437500E+00,+0.00000E+00
-2.435000E+00,+0.00000E+00
-2.432500E+00,+0.00000E+00
-2.430000E+00,+0.00000E+00
-2.427500E+00,+0E+00
-2.425000E+00,+2.109375E+00
-2.422500E+00,+2.093750E+00
-2.420000E+00,+2.109375E+00
-2.417500E+00,+2.109375E+00
-2.415000E+00,+2.093750E+00
-2.412500E+00,+2.093750E+00
-2.410000E+00,+31.250E-03
-2.407500E+00,+2.093750E+00
-2.405000E+00,+2.093750E+00
-2.402500E+00,+2.109375E+00
-2.400000E+00,+2.093750E+00
-2.397500E+00,+2.109375E+00
-2.395000E+00,+2.093750E+00
-2.392500E+00,+2.109375E+00
-2.390000E+00,+2.093750E+00
-2.387500E+00,+2.093750E+00
-2.385000E+00,+2.109375E+00
-2.382500E+00,+2.093750E+00
-2.380000E+00,+2.109375E+00
-2.377500E+00,+2.093750E+00
-2.375000E+00,+2.093750E+00
-2.372500E+00,+0E+00
-2.370000E+00,+46.875E-03
-2.367500E+00,+2.093750E+00
-2.365000E+00,+2.109375E+00
-2.362500E+00,+2.093750E+00
-2.360000E+00,+2.109375E+00
-2.357500E+00,+2.093750E+00
-2.355000E+00,+2.109375E+00
-2.352500E+00,+2.109375E+00
-2.350000E+00,+2.093750E+00
-2.347500E+00,+2.109375E+00
-2.345000E+00,+2.093750E+00
-2.342500E+00,+2.109375E+00
-2.340000E+00,+2.109375E+00
-2.337500E+00,+2.093750E+00
-2.335000E+00,+2.093750E+00
-2.332500E+00,+2.109375E+00
-2.330000E+00,+31.250E-03
-2.327500E+00,+2.109375E+00
-2.325000E+00,+2.093750E+00
-2.322500E+00,+2.093750E+00
-2.320000E+00,+2.109375E+00
-2.317500E+00,+2.093750E+00
-2.315000E+00,+2.109375E+00
-2.312500E+00,+2.109375E+00
-2.310000E+00,+2.093750E+00
-2.307500E+00,+2.109375E+00
-2.305000E+00,+2.109375E+00
-2.302500E+00,+2.109375E+00
-2.300000E+00,+2.093750E+00
-2.297500E+00,+2.093750E+00
-2.295000E+00,+2.109375E+00
-2.292500E+00,+0.00000E+00
-2.290000E+00,+0E+00
-2.287500E+00,+2.109375E+00
-2.285000E+00,+2.093750E+00
-2.282500E+00,+2.109375E+00
-2.280000E+00,+2.093750E+00
-2.277500E+00,+2.093750E+00
-2.275000E+00,+2.109375E+00
-2.272500E+00,+2.093750E+00
-2.270000E+00,+2.093750E+00
-2.267500E+00,+2.093750E+00
-2.265000E+00,+2.109375E+00
-2.262500E+00,+2.093750E+00
-2.260000E+00,+2.093750E+00
-2.257500E+00,+2.093750E+00
-2.255000E+00,+2.109375E+00
-2.252500E+00,+31.250E-03
-2.250000E+00,+0E+00
-2.247500E+00,+2.109375E+00
-2.245000E+00,+2.109375E+00
-2.242500E+00,+2.109375E+00
-2.240000E+00,+2.109375E+00
-2.237500E+00,+2.093750E+00
-2.235000E+00,+2.109375E+00
-2.232500E+00,+2.093750E+00
-2.230000E+00,+2.109375E+00
-2.227500E+00,+2.093750E+00
-2.225000E+00,+2.093750E+00
-2.222500E+00,+2.109375E+00
-2.220000E+00,+2.109375E+00
-2.217500E+00,+2.109375E+00
-2.215000E+00,-15.625E-03
-2.212500E+00,+15.625E-03
-2.210000E+00,-15.625E-03
-2.207500E+00,+2.109375E+00
-2.205000E+00,+2.093750E+00
-2.202500E+00,+2.093750E+00
-2.200000E+00,+2.109375E+00
-2.197500E+00,+2.109375E+00
-2.195000E+00,+2.109375E+00
-2.192500E+00,+2.109375E+00
-2.190000E+00,+2.109375E+00
-2.187500E+00,+2.093750E+00
-2.185000E+00,+2.109375E+00
-2.182500E+00,+2.109375E+00
-2.180000E+00,+2.093750E+00
-2.177500E+00,+2.109375E+00
-2.175000E+00,+2.109375E+00
-2.172500E+00,+15.625E-03
-2.170000E+00,+0E+00
-2.167500E+00,+2.093750E+00
-2.165000E+00,+2.109375E+00
-2.162500E+00,+2.109375E+00
-2.160000E+00,+2.109375E+00
-2.157500E+00,+2.093750E+00
-2.155000E+00,+2.109375E+00
-2.152500E+00,+2.109375E+00
-2.150000E+00,+2.109375E+00
-2.147500E+00,+2.093750E+00
-2.145000E+00,+2.093750E+00
-2.142500E+00,+2.093750E+00
-2.140000E+00,+2.093750E+00
-2.137500E+00,+2.093750E+00
-2.135000E+00,+2.093750E+00
-2.132500E+00,+2.109375E+00
-2.130000E+00,+0E+00
-2.127500E+00,+2.093750E+00
-2.125000E+00,+2.093750E+00
-2.122500E+00,+2.109375E+00
-2.120000E+00,+2.093750E+00
-2.117500E+00,+2.109375E+00
-2.115000E+00,+2.093750E+00
-2.112500E+00,+2.109375E+00
-2.110000E+00,+2.093750E+00
-2.107500E+00,+2.093750E+00
-2.105000E+00,+2.109375E+00
-2.102500E+00,+2.093750E+00
-2.100000E+00,+2.109375E+00
-2.097500E+00,+2.093750E+00
-2.095000E+00,+2.093750E+00
-2.092500E+00,+2.093750E+00
-2.090000E+00,+0E+00
-2.087500E+00,+2.093750E+00
-2.085000E+00,+2.109375E+00
-2.082500E+00,+2.125000E+00
-2.080000E+00,+2.093750E+00
-2.077500E+00,+2.109375E+00
-2.075000E+00,+2.093750E+00
-2.072500E+00,+2.125000E+00
-2.070000E+00,+2.109375E+00
-2.067500E+00,+2.093750E+00
-2.065000E+00,+2.093750E+00
-2.062500E+00,+2.093750E+00
-2.060000E+00,+2.093750E+00
-2.057500E+00,+2.093750E+00
-2.055000E+00,+2.109375E+00
-2.052500E+00,+2.109375E+00
-2.050000E+00,+31.250E-03
-2.047500E+00,+2.093750E+00
-2.045000E+00,+2.093750E+00
-2.042500E+00,+2.109375E+00
-2.040000E+00,+2.109375E+00
-2.037500E+00,+2.093750E+00
-2.035000E+00,+2.109375E+00
-2.032500E+00,+2.093750E+00
-2.030000E+00,+2.093750E+00
-2.027500E+00,+2.109375E+00
-2.025000E+00,+2.109375E+00
-2.022500E+00,+2.109375E+00
-2.020000E+00,+2.109375E+00
-2.017500E+00,+2.109375E+00
-2.015000E+00,+31.250E-03
-2.012500E+00,+125.000E-03
-2.010000E+00,+0E+00
-2.007500E+00,+2.109375E+00
-2.005000E+00,+2.093750E+00
-2.002500E+00,+2.093750E+00
-2.000000E+00,+2.093750E+00
-1.997500E+00,+2.093750E+00
-1.995000E+00,+2.093750E+00
-1.992500E+00,+2.093750E+00
-1.990000E+00,+2.093750E+00
-1.987500E+00,+2.109375E+00
-1.985000E+00,+2.109375E+00
-1.982500E+00,+2.093750E+00
-1.980000E+00,+2.093750E+00
-1.977500E+00,+2.093750E+00
-1.975000E+00,+2.093750E+00
-1.972500E+00,+46.875E-03
-1.970000E+00,+2.093750E+00
-1.967500E+00,+0E+00
-1.965000E+00,+2.093750E+00
-1.962500E+00,+2.109375E+00
-1.960000E+00,+2.109375E+00
-1.957500E+00,-15.625E-03
-1.955000E+00,+0.00000E+00
-1.952500E+00,+0.00000E+00
-1.950000E+00,+0E+00
-1.947500E+00,+2.093750E+00
-1.945000E+00,+2.109375E+00
-1.942500E+00,+2.093750E+00
-1.940000E+00,+2.093750E+00
-1.937500E+00,+2.093750E+00
-1.935000E+00,+0E+00
-1.932500E+00,+15.625E-03
-1.930000E+00,+2.109375E+00
-1.927500E+00,+2.093750E+00
-1.925000E+00,+2.109375E+00
-1.922500E+00,+2.109375E+00
-1.920000E+00,+2.093750E+00
-1.917500E+00,+2.093750E+00
-1.915000E+00,+2.093750E+00
-1.912500E+00,+2.093750E+00
-1.910000E+00,+2.093750E+00
-1.907500E+00,+2.093750E+00
-1.905000E+00,+2.093750E+00
-1.902500E+00,+2.109375E+00
-1.900000E+00,+2.109375E+00
-1.897500E+00,+2.125000E+00
-1.895000E+00,+0E+00
-1.892500E+00,+15.625E-03
-1.890000E+00,+0E+00
-1.887500E+00,+2.093750E+00
-1.885000E+00,+2.109375E+00
-1.882500E+00,+2.093750E+00
-1.880000E+00,+2.093750E+00
-1.877500E+00,+2.093750E+00
-1.875000E+00,+2.109375E+00
-1.872500E+00,+2.125000E+00
-1.870000E+00,+2.093750E+00
-1.867500E+00,+2.093750E+00
-1.865000E+00,+2.093750E+00
-1.862500E+00,+2.109375E+00
-1.860000E+00,+2.109375E+00
-1.857500E+00,+2.093750E+00
-1.855000E+00,+15.625E-03
-1.852500E+00,+46.875E-03
-1.850000E+00,+2.093750E+00
-1.847500E+00,+2.093750E+00
-1.845000E+00,+2.109375E+00
-1.842500E+00,+2.093750E+00
-1.840000E+00,+2.093750E+00
-1.837500E+00,+2.093750E+00
-1.835000E+00,+2.093750E+00
-1.832500E+00,+2.093750E+00
-1.830000E+00,+2.093750E+00
-1.827500E+00,+2.093750E+00
-1.825000E+00,+2.125000E+00
-1.822500E+00,+2.093750E+00
-1.820000E+00,+2.109375E+00
-1.817500E+00,+2.109375E+00
-1.815000E+00,+0E+00
-1.812500E+00,+2.140625E+00
-1.810000E+00,-15.625E-03
-1.807500E+00,+2.109375E+00
-1.805000E+00,+2.093750E+00
-1.802500E+00,+2.109375E+00
-1.800000E+00,+2.093750E+00
-1.797500E+00,+2.093750E+00
-1.795000E+00,+2.093750E+00
-1.792500E+00,+2.109375E+00
-1.790000E+00,+2.093750E+00
-1.787500E+00,+2.093750E+00
-1.785000E+00,+2.093750E+00
-1.782500E+00,+2.093750E+00
-1.780000E+00,+2.093750E+00
-1.777500E+00,+2.093750E+00
-1.775000E+00,-15.625E-03
-1.772500E+00,+31.250E-03
-1.770000E+00,+2.093750E+00
-1.767500E+00,+2.093750E+00
-1.765000E+00,+2.109375E+00
-1.762500E+00,+2.093750E+00
-1.760000E+00,+2.093750E+00
-1.757500E+00,+2.109375E+00
-1.755000E+00,+2.109375E+00
-1.752500E+00,+2.109375E+00
-1.750000E+00,+2.109375E+00
-1.747500E+00,+2.109375E+00
-1.745000E+00,+2.093750E+00
-1.742500E+00,+2.093750E+00
-1.740000E+00,+2.093750E+00
-1.737500E+00,+2.109375E+00
-1.735000E+00,+2.093750E+00
-1.732500E+00,+31.250E-03
-1.730000E+00,+2.109375E+00
-1.727500E+00,+2.093750E+00
-1.725000E+00,+2.109375E+00
-1.722500E+00,+2.109375E+00
-1.720000E+00,+2.109375E+00
-1.717500E+00,+2.109375E+00
-1.715000E+00,+2.109375E+00
-1.712500E+00,+2.093750E+00
-1.710000E+00,+2.093750E+00
-1.707500E+00,+2.093750E+00
-1.705000E+00,+2.093750E+00
-1.702500E+00,+2.093750E+00
-1.700000E+00,+2.093750E+00
-1.697500E+00,+2.093750E+00
-1.695000E+00,-15.625E-03
-1.692500E+00,+31.250E-03
-1.690000E+00,+2.109375E+00
-1.687500E+00,+2.109375E+00
-1.685000E+00,+2.109375E+00
-1.682500E+00,+2.093750E+00
-1.680000E+00,+2.109375E+00
-1.677500E+00,+2.109375E+00
-1.675000E+00,+2.093750E+00
-1.672500E+00,+2.109375E+00
-1.670000E+00,+2.093750E+00
-1.667500E+00,+2.109375E+00
-1.665000E+00,+2.109375E+00
-1.662500E+00,+2.093750E+00
-1.660000E+00,+2.093750E+00
-1.657500E+00,+2.109375E+00
-1.655000E+00,+2.093750E+00
-1.652500E+00,+0E+00
-1.650000E+00,+2.109375E+00
-1.647500E+00,+0E+00
-1.645000E+00,-15.625E-03
-1.642500E+00,+2.093750E+00
-1.640000E+00,+0.00000E+00
-1.637500E+00,+0.00000E+00
-1.635000E+00,+0.00000E+00
-1.632500E+00,+0.00000E+00
-1.630000E+00,+0.00000E+00
-1.627500E+00,+0E+00
-1.625000E+00,+2.093750E+00
-1.622500E+00,+2.093750E+00
-1.620000E+00,+2.093750E+00
-1.617500E+00,+2.109375E+00
-1.615000E+00,+2.093750E+00
-1.612500E+00,+0E+00
-1.610000E+00,+2.109375E+00
-1.607500E+00,+0E+00
-1.605000E+00,-15.625E-03
-1.602500E+00,-15.625E-03
-1.600000E+00,-15.625E-03
-1.597500E+00,+0E+00
-1.595000E+00,+2.078125E+00
-1.592500E+00,+2.093750E+00
-1.590000E+00,+0E+00
-1.587500E+00,+2.109375E+00
-1.585000E+00,+2.093750E+00
-1.582500E+00,+2.093750E+00
-1.580000E+00,+2.093750E+00
-1.577500E+00,+2.093750E+00
-1.575000E+00,+0E+00
-1.572500E+00,+31.250E-03
-1.570000E+00,+0.00000E+00
-1.567500E+00,+0.00000E+00
-1.565000E+00,+0E+00
-1.562500E+00,-15.625E-03
-1.560000E+00,-15.625E-03
-1.557500E+00,+0E+00
-1.555000E+00,+2.109375E+00
-1.552500E+00,+0E+00
-1.550000E+00,+2.109375E+00
-1.547500E+00,+2.093750E+00
-1.545000E+00,+2.093750E+00
-1.542500E+00,+2.093750E+00
-1.540000E+00,+2.093750E+00
-1.537500E+00,+2.093750E+00
-1.535000E+00,+2.093750E+00
-1.532500E+00,+31.250E-03
-1.530000E+00,+2.125000E+00
-1.527500E+00,+15.625E-03
-1.525000E+00,+2.093750E+00
-1.522500E+00,+0.00000E+00
-1.520000E+00,+0E+00
-1.517500E+00,-15.625E-03
-1.515000E+00,-15.625E-03
-1.512500E+00,+2.093750E+00
-1.510000E+00,+0E+00
-1.507500E+00,+2.109375E+00
-1.505000E+00,+2.093750E+00
-1.502500E+00,+2.109375E+00
-1.500000E+00,+2.093750E+00
-1.497500E+00,+2.093750E+00
-1.495000E+00,+2.093750E+00
-1.492500E+00,+31.250E-03
-1.490000E+00,+0.00000E+00
-1.487500E+00,+0E+00
-1.485000E+00,-15.625E-03
-1.482500E+00,-15.625E-03
-1.480000E+00,+0E+00
-1.477500E+00,-15.625E-03
-1.475000E+00,-15.625E-03
-1.472500E+00,-15.625E-03
-1.470000E+00,+2.109375E+00
-1.467500E+00,+2.093750E+00
-1.465000E+00,+2.093750E+00
-1.462500E+00,+2.093750E+00
-1.460000E+00,+2.109375E+00
-1.457500E+00,+2.093750E+00
-1.455000E+00,+359.375E-03
-1.452500E+00,+31.250E-03
-1.450000E+00,+2.109375E+00
-1.447500E+00,+2.093750E+00
-1.445000E+00,+2.093750E+00
-1.442500E+00,+2.093750E+00
-1.440000E+00,+2.109375E+00
-1.437500E+00,+2.093750E+00
-1.435000E+00,+2.093750E+00
-1.432500E+00,+2.109375E+00
-1.430000E+00,+2.093750E+00
-1.427500E+00,+2.093750E+00
-1.425000E+00,+2.093750E+00
-1.422500E+00,+2.109375E+00
-1.420000E+00,+2.093750E+00
-1.417500E+00,+2.093750E+00
-1.415000E+00,-15.625E-03
-1.412500E+00,+2.109375E+00
-1.410000E+00,+2.093750E+00
-1.407500E+00,+2.109375E+00
-1.405000E+00,+2.109375E+00
-1.402500E+00,+2.093750E+00
-1.400000E+00,+2.093750E+00
-1.397500E+00,+2.109375E+00
-1.395000E+00,+2.109375E+00
-1.392500E+00,+2.093750E+00
-1.390000E+00,+2.093750E+00
-1.387500E+00,+2.109375E+00
-1.385000E+00,+2.093750E+00
-1.382500E+00,+2.093750E+00
-1.380000E+00,+2.093750E+00
-1.377500E+00,+2.093750E+00
-1.375000E+00,+0.00000E+00
-1.372500E+00,+0E+00
-1.370000E+00,-15.625E-03
-1.367500E+00,+0.00000E+00
-1.365000E+00,+0.00000E+00
-1.362500E+00,+0.00000E+00
-1.360000E+00,+0.00000E+00
-1.357500E+00,+0.00000E+00
-1.355000E+00,+0E+00
-1.352500E+00,-15.625E-03
-1.350000E+00,+0E+00
-1.347500E+00,+2.093750E+00
-1.345000E+00,+2.109375E+00
-1.342500E+00,+2.093750E+00
-1.340000E+00,+2.093750E+00
-1.337500E+00,+2.109375E+00
-1.335000E+00,+15.625E-03
-1.332500E+00,+15.625E-03
-1.330000E+00,+2.093750E+00
-1.327500E+00,+2.093750E+00
-1.325000E+00,+2.093750E+00
-1.322500E+00,+2.093750E+00
-1.320000E+00,+2.093750E+00
-1.317500E+00,+2.093750E+00
-1.315000E+00,+2.093750E+00
-1.312500E+00,+2.093750E+00
-1.310000E+00,+2.093750E+00
-1.307500E+00,+2.109375E+00
-1.305000E+00,+2.109375E+00
-1.302500E+00,+2.093750E+00
-1.300000E+00,+2.093750E+00
-1.297500E+00,+2.109375E+00
-1.295000E+00,+2.109375E+00
-1.292500E+00,+0E+00
-1.290000E+00,+2.109375E+00
-1.287500E+00,+2.093750E+00
-1.285000E+00,+2.093750E+00
-1.282500E+00,+2.093750E+00
-1.280000E+00,+2.093750E+00
-1.277500E+00,+2.093750E+00
-1.275000E+00,+2.093750E+00
-1.272500E+00,+2.093750E+00
-1.270000E+00,+2.093750E+00
-1.267500E+00,+2.093750E+00
-1.265000E+00,+2.093750E+00
-1.262500E+00,+2.093750E+00
-1.260000E+00,+2.093750E+00
-1.257500E+00,+2.093750E+00
-1.255000E+00,+0E+00
-1.252500E+00,+46.875E-03
-1.250000E+00,+2.109375E+00
-1.247500E+00,+2.093750E+00
-1.245000E+00,+2.093750E+00
-1.242500E+00,+2.093750E+00
-1.240000E+00,+2.093750E+00
-1.237500E+00,+2.093750E+00
-1.235000E+00,+2.093750E+00
-1.232500E+00,+2.093750E+00
-1.230000E+00,+2.093750E+00
-1.227500E+00,+2.109375E+00
-1.225000E+00,+2.093750E+00
-1.222500E+00,+2.093750E+00
-1.220000E+00,+2.093750E+00
-1.217500E+00,+0E+00
-1.215000E+00,+2.109375E+00
-1.212500E+00,+0E+00
-1.210000E+00,+2.093750E+00
-1.207500E+00,+2.093750E+00
-1.205000E+00,+2.109375E+00
-1.202500E+00,+2.093750E+00
-1.200000E+00,+2.093750E+00
-1.197500E+00,+2.093750E+00
-1.195000E+00,+2.093750E+00
-1.192500E+00,+2.093750E+00
-1.190000E+00,+2.109375E+00
-1.187500E+00,+2.093750E+00
-1.185000E+00,+2.109375E+00
-1.182500E+00,+2.093750E+00
-1.180000E+00,+2.093750E+00
-1.177500E+00,+15.625E-03
-1.175000E+00,+2.093750E+00
-1.172500E+00,-15.625E-03
-1.170000E+00,+2.093750E+00
-1.167500E+00,+2.093750E+00
-1.165000E+00,+2.109375E+00
-1.162500E+00,+2.093750E+00
-1.160000E+00,+2.093750E+00
-1.157500E+00,+2.093750E+00
-1.155000E+00,+2.093750E+00
-1.152500E+00,+2.093750E+00
-1.150000E+00,+2.093750E+00
-1.147500E+00,+2.093750E+00
-1.145000E+00,+2.093750E+00
-1.142500E+00,+2.109375E+00
-1.140000E+00,+2.093750E+00
-1.137500E+00,+2.093750E+00
-1.135000E+00,+15.625E-03
-1.132500E+00,+0E+00
-1.130000E+00,+2.109375E+00
-1.127500E+00,+2.109375E+00
-1.125000E+00,+2.093750E+00
-1.122500E+00,+2.093750E+00
-1.120000E+00,+2.093750E+00
-1.117500E+00,+2.093750E+00
-1.115000E+00,+2.109375E+00
-1.112500E+00,+2.109375E+00
-1.110000E+00,+2.093750E+00
-1.107500E+00,+2.093750E+00
-1.105000E+00,+2.093750E+00
-1.102500E+00,+2.093750E+00
-1.100000E+00,+2.109375E+00
-1.097500E+00,+2.093750E+00
-1.095000E+00,+31.250E-03
-1.092500E+00,+0E+00
-1.090000E+00,+2.093750E+00
-1.087500E+00,+2.093750E+00
-1.085000E+00,+2.093750E+00
-1.082500E+00,+2.093750E+00
-1.080000E+00,+2.125000E+00
-1.077500E+00,+2.093750E+00
-1.075000E+00,+2.109375E+00
-1.072500E+00,+2.093750E+00
-1.070000E+00,+2.093750E+00
-1.067500E+00,+2.093750E+00
-1.065000E+00,+2.093750E+00
-1.062500E+00,+2.093750E+00
-1.060000E+00,+2.093750E+00
-1.057500E+00,+2.093750E+00
-1.055000E+00,+0E+00
-1.052500E+00,+2.109375E+00
-1.050000E+00,+2.093750E+00
-1.047500E+00,+2.093750E+00
-1.045000E+00,+2.093750E+00
-1.042500E+00,+2.109375E+00
-1.040000E+00,+2.093750E+00
-1.037500E+00,+2.093750E+00
-1.035000E+00,+2.093750E+00
-1.032500E+00,+2.093750E+00
-1.030000E+00,+2.093750E+00
-1.027500E+00,+2.093750E+00
-1.025000E+00,+2.093750E+00
-1.022500E+00,+2.093750E+00
-1.020000E+00,+2.093750E+00
-1.017500E+00,+0E+00
-1.015000E+00,+46.875E-03
-1.012500E+00,+2.093750E+00
-1.010000E+00,+2.093750E+00
-1.007500E+00,+2.093750E+00
-1.005000E+00,+2.093750E+00
-1.002500E+00,+2.093750E+00
-1.00000E+00,+2.109375E+00
-997.500E-03,+2.093750E+00
-995.000E-03,+2.093750E+00
-992.500E-03,+2.093750E+00
-990.000E-03,+2.093750E+00
-987.500E-03,+2.109375E+00
-985.000E-03,+2.093750E+00
-982.500E-03,+2.093750E+00
-980.000E-03,+2.093750E+00
-977.500E-03,+15.625E-03
-975.000E-03,+15.625E-03
-972.500E-03,+2.093750E+00
-970.000E-03,+2.093750E+00
-967.500E-03,+2.109375E+00
-965.000E-03,+2.109375E+00
-962.500E-03,+2.093750E+00
-960.000E-03,+2.109375E+00
-957.500E-03,+2.093750E+00
-955.000E-03,+2.093750E+00
-952.500E-03,+2.109375E+00
-950.000E-03,+2.093750E+00
-947.500E-03,+2.093750E+00
-945.000E-03,+2.093750E+00
-942.500E-03,+2.093750E+00
-940.000E-03,+2.093750E+00
-937.500E-03,+2.093750E+00
-935.000E-03,+2.109375E+00
-932.500E-03,-15.625E-03
-930.000E-03,+2.109375E+00
-927.500E-03,+2.093750E+00
-925.000E-03,+2.093750E+00
-922.500E-03,+2.125000E+00
-920.000E-03,+2.109375E+00
-917.500E-03,+2.109375E+00
-915.000E-03,+2.109375E+00
-912.500E-03,+2.125000E+00
-910.000E-03,+2.093750E+00
-907.500E-03,+2.093750E+00
-905.000E-03,+2.093750E+00
-902.500E-03,+2.109375E+00
-900.000E-03,+2.093750E+00
-897.500E-03,-15.625E-03
-895.000E-03,+0E+00
-892.500E-03,+2.109375E+00
-890.000E-03,-15.625E-03
-887.500E-03,-15.625E-03
-885.000E-03,-15.625E-03
-882.500E-03,+0.00000E+00
-880.000E-03,+0E+00
-877.500E-03,-15.625E-03
-875.000E-03,+2.109375E+00
-872.500E-03,+0E+00
-870.000E-03,-15.625E-03
-867.500E-03,+2.109375E+00
-865.000E-03,+2.093750E+00
-862.500E-03,+2.093750E+00
-860.000E-03,+2.093750E+00
-857.500E-03,-15.625E-03
-855.000E-03,+31.250E-03
-852.500E-03,+2.109375E+00
-850.000E-03,+2.093750E+00
-847.500E-03,+2.093750E+00
-845.000E-03,+2.093750E+00
-842.500E-03,+2.093750E+00
-840.000E-03,+2.093750E+00
-837.500E-03,+2.093750E+00
-835.000E-03,+2.078125E+00
-832.500E-03,+2.093750E+00
-830.000E-03,+2.093750E+00
-827.500E-03,+2.093750E+00
-825.000E-03,+2.093750E+00
-822.500E-03,+2.093750E+00
-820.000E-03,+2.078125E+00
-817.500E-03,+0E+00
-815.000E-03,+46.875E-03
-812.500E-03,+0E+00
-810.000E-03,+2.093750E+00
-807.500E-03,+2.109375E+00
-805.000E-03,+2.109375E+00
-802.500E-03,+2.109375E+00
-800.000E-03,+2.093750E+00
-797.500E-03,+2.125000E+00
-795.000E-03,+2.093750E+00
-792.500E-03,+2.093750E+00
-790.000E-03,+2.109375E+00
-787.500E-03,+2.125000E+00
-785.000E-03,+2.109375E+00
-782.500E-03,+2.093750E+00
-780.000E-03,+2.093750E+00
-777.500E-03,+2.093750E+00
-775.000E-03,+31.250E-03
-772.500E-03,+0E+00
-770.000E-03,+2.109375E+00
-767.500E-03,+2.093750E+00
-765.000E-03,+2.109375E+00
-762.500E-03,+2.093750E+00
-760.000E-03,+2.109375E+00
-757.500E-03,+2.093750E+00
-755.000E-03,+2.109375E+00
-752.500E-03,+2.125000E+00
-750.000E-03,+2.093750E+00
-747.500E-03,+2.093750E+00
-745.000E-03,+2.093750E+00
-742.500E-03,+2.093750E+00
-740.000E-03,+2.093750E+00
-737.500E-03,+2.093750E+00
-735.000E-03,+31.250E-03
-732.500E-03,+0E+00
-730.000E-03,+2.093750E+00
-727.500E-03,+2.093750E+00
-725.000E-03,+2.093750E+00
-722.500E-03,+2.093750E+00
-720.000E-03,+2.093750E+00
-717.500E-03,+2.093750E+00
-715.000E-03,+2.093750E+00
-712.500E-03,+2.109375E+00
-710.000E-03,+2.109375E+00
-707.500E-03,+2.093750E+00
-705.000E-03,+2.093750E+00
-702.500E-03,+2.093750E+00
-700.000E-03,+2.093750E+00
-697.500E-03,+0E+00
-695.000E-03,+31.250E-03
-692.500E-03,+0E+00
-690.000E-03,+2.093750E+00
-687.500E-03,+2.109375E+00
-685.000E-03,+2.109375E+00
-682.500E-03,+2.093750E+00
-680.000E-03,+2.109375E+00
-677.500E-03,+2.093750E+00
-675.000E-03,+2.093750E+00
-672.500E-03,+2.109375E+00
-670.000E-03,+2.109375E+00
-667.500E-03,+2.093750E+00
-665.000E-03,+2.093750E+00
-662.500E-03,+2.109375E+00
-660.000E-03,+2.093750E+00
-657.500E-03,+2.093750E+00
-655.000E-03,+468.750E-03
-652.500E-03,+406.250E-03
-650.000E-03,+359.375E-03
-647.500E-03,+328.125E-03
-645.000E-03,+328.125E-03
-642.500E-03,+265.625E-03
-640.000E-03,+265.625E-03
-637.500E-03,+250.000E-03
-635.000E-03,+218.750E-03
-632.500E-03,+203.125E-03
-630.000E-03,+187.500E-03
-627.500E-03,+171.875E-03
-625.000E-03,+156.250E-03
-622.500E-03,+140.625E-03
-620.000E-03,+140.625E-03
-617.500E-03,+140.625E-03
-615.000E-03,+125.000E-03
-612.500E-03,+93.750E-03
-610.000E-03,+93.750E-03
-607.500E-03,+78.125E-03
-605.000E-03,+78.125E-03
-602.500E-03,+78.125E-03
-600.000E-03,+62.500E-03
-597.500E-03,+62.500E-03
-595.000E-03,+62.500E-03
-592.500E-03,+62.500E-03
-590.000E-03,+62.500E-03
-587.500E-03,+62.500E-03
-585.000E-03,+78.125E-03
-582.500E-03,+62.500E-03
-580.000E-03,+46.875E-03
-577.500E-03,+46.875E-03
-575.000E-03,+46.875E-03
-572.500E-03,+46.875E-03
-570.000E-03,+31.250E-03
-567.500E-03,+46.875E-03
-565.000E-03,+31.250E-03
-562.500E-03,+31.250E-03
-560.000E-03,+46.875E-03
-557.500E-03,+46.875E-03
-555.000E-03,+46.875E-03
-552.500E-03,+31.250E-03
-550.000E-03,+31.250E-03
-547.500E-03,+31.250E-03
-545.000E-03,+46.875E-03
-542.500E-03,+31.250E-03
-540.000E-03,+31.250E-03
-537.500E-03,+31.250E-03
-535.000E-03,+31.250E-03
-532.500E-03,+31.250E-03
-530.000E-03,+31.250E-03
-527.500E-03,+31.250E-03
-525.000E-03,+46.875E-03
-522.500E-03,+31.250E-03
-520.000E-03,+31.250E-03
-517.500E-03,+31.250E-03
-515.000E-03,+31.250E-03
-512.500E-03,+31.250E-03
-510.000E-03,+31.250E-03
-507.500E-03,+31.250E-03
-505.000E-03,+46.875E-03
-502.500E-03,+31.250E-03
-500.000E-03,+31.250E-03
-497.500E-03,+31.250E-03
-495.000E-03,+31.250E-03
-492.500E-03,+31.250E-03
-490.000E-03,+15.625E-03
-487.500E-03,+31.250E-03
-485.000E-03,+31.250E-03
-482.500E-03,+46.875E-03
-480.000E-03,+31.250E-03
-477.500E-03,+31.250E-03
-475.000E-03,+46.875E-03
-472.500E-03,+15.625E-03
-470.000E-03,+31.250E-03
-467.500E-03,+46.875E-03
-465.000E-03,+46.875E-03
-462.500E-03,+31.250E-03
-460.000E-03,+46.875E-03
-457.500E-03,+31.250E-03
-455.000E-03,+31.250E-03
-452.500E-03,+31.250E-03
-450.000E-03,+15.625E-03
-447.500E-03,+46.875E-03
-445.000E-03,+31.250E-03
-442.500E-03,+46.875E-03
-440.000E-03,+31.250E-03
-437.500E-03,+15.625E-03
-435.000E-03,+31.250E-03
-432.500E-03,+31.250E-03
-430.000E-03,+31.250E-03
-427.500E-03,+46.875E-03
-425.000E-03,+31.250E-03
-422.500E-03,+46.875E-03
-420.000E-03,+31.250E-03
-417.500E-03,+31.250E-03
-415.000E-03,+31.250E-03
-412.500E-03,+31.250E-03
-410.000E-03,+31.250E-03
-407.500E-03,+15.625E-03
-405.000E-03,+31.250E-03
-402.500E-03,+15.625E-03
-400.000E-03,+31.250E-03
-397.500E-03,+15.625E-03
-395.000E-03,+31.250E-03
-392.500E-03,+15.625E-03
-390.000E-03,+31.250E-03
-387.500E-03,+31.250E-03
-385.000E-03,+31.250E-03
-382.500E-03,+31.250E-03
-380.000E-03,+15.625E-03
-377.500E-03,+31.250E-03
-375.000E-03,+31.250E-03
-372.500E-03,+31.250E-03
-370.000E-03,+15.625E-03
-367.500E-03,+31.250E-03
-365.000E-03,+31.250E-03
-362.500E-03,+31.250E-03
-360.000E-03,+31.250E-03
-357.500E-03,+31.250E-03
-355.000E-03,+15.625E-03
-352.500E-03,+15.625E-03
-350.000E-03,+31.250E-03
-347.500E-03,+31.250E-03
-345.000E-03,+31.250E-03
-342.500E-03,+15.625E-03
-340.000E-03,+15.625E-03
-337.500E-03,+31.250E-03
-335.000E-03,+31.250E-03
-332.500E-03,+31.250E-03
-330.000E-03,+15.625E-03
-327.500E-03,+31.250E-03
-325.000E-03,+15.625E-03
-322.500E-03,+46.875E-03
-320.000E-03,+31.250E-03
-317.500E-03,+31.250E-03
-315.000E-03,+31.250E-03
-312.500E-03,+46.875E-03
-310.000E-03,+15.625E-03
-307.500E-03,+31.250E-03
-305.000E-03,+31.250E-03
-302.500E-03,+46.875E-03
-300.000E-03,+31.250E-03
-297.500E-03,+46.875E-03
-295.000E-03,+15.625E-03
-292.500E-03,+15.625E-03
-290.000E-03,+31.250E-03
-287.500E-03,+46.875E-03
-285.000E-03,+31.250E-03
-282.500E-03,+46.875E-03
-280.000E-03,+31.250E-03
-277.500E-03,+15.625E-03
-275.000E-03,+31.250E-03
-272.500E-03,+31.250E-03
-270.000E-03,+46.875E-03
-267.500E-03,+31.250E-03
-265.000E-03,+31.250E-03
-262.500E-03,+31.250E-03
-260.000E-03,+15.625E-03
-257.500E-03,+31.250E-03
-255.000E-03,+31.250E-03
-252.500E-03,+31.250E-03
-250.000E-03,+15.625E-03
-247.500E-03,+31.250E-03
-245.000E-03,+15.625E-03
-242.500E-03,+15.625E-03
-240.000E-03,+15.625E-03
-237.500E-03,+31.250E-03
-235.000E-03,+15.625E-03
-232.500E-03,+15.625E-03
-230.000E-03,+15.625E-03
-227.500E-03,+15.625E-03
-225.000E-03,+15.625E-03
-222.500E-03,+15.625E-03
-220.000E-03,+15.625E-03
-217.500E-03,+15.625E-03
-215.000E-03,+15.625E-03
-212.500E-03,+31.250E-03
-210.000E-03,+15.625E-03
-207.500E-03,+15.625E-03
-205.000E-03,+15.625E-03
-202.500E-03,+15.625E-03
-200.000E-03,+15.625E-03
-197.500E-03,+15.625E-03
-195.000E-03,+31.250E-03
-192.500E-03,+15.625E-03
-190.000E-03,+15.625E-03
-187.500E-03,+15.625E-03
-185.000E-03,+31.250E-03
-182.500E-03,+15.625E-03
-180.000E-03,+15.625E-03
-177.500E-03,+15.625E-03
-175.000E-03,+0E+00
-172.500E-03,+15.625E-03
-170.000E-03,+15.625E-03
-167.500E-03,+15.625E-03
-165.000E-03,+15.625E-03
-162.500E-03,+15.625E-03
-160.000E-03,+15.625E-03
-157.500E-03,+0E+00
-155.000E-03,+15.625E-03
-152.500E-03,-15.625E-03
-150.000E-03,+15.625E-03
-147.500E-03,+31.250E-03
-145.000E-03,-15.625E-03
-142.500E-03,+15.625E-03
-140.000E-03,+15.625E-03
-137.500E-03,+15.625E-03
-135.000E-03,+15.625E-03
-132.500E-03,+15.625E-03
-130.000E-03,+15.625E-03
-127.500E-03,+0.00000E+00
-125.000E-03,+0E+00
-122.500E-03,+15.625E-03
-120.000E-03,+0E+00
-117.500E-03,+15.625E-03
-115.000E-03,+15.625E-03
-112.500E-03,-15.625E-03
-110.000E-03,+31.250E-03
-107.500E-03,+15.625E-03
-105.000E-03,+0.00000E+00
-102.500E-03,+0E+00
-100.00E-03,+15.625E-03
-97.500E-03,+0.00000E+00
-95.000E-03,+0E+00
-92.500E-03,-15.625E-03
-90.000E-03,+0.00000E+00
-87.500E-03,+0E+00
-85.000E-03,+15.625E-03
-82.500E-03,+0E+00
-80.000E-03,+15.625E-03
-77.500E-03,+0E+00
-75.000E-03,+31.250E-03
-72.500E-03,+0.00000E+00
-70.000E-03,+0E+00
-67.500E-03,+15.625E-03
-65.000E-03,+0.00000E+00
-62.500E-03,+0.00000E+00
-60.000E-03,+0.00000E+00
-57.500E-03,+0.00000E+00
-55.000E-03,+0.00000E+00
-52.500E-03,+0.00000E+00
-50.000E-03,+0.00000E+00
-47.500E-03,+0.00000E+00
-45.000E-03,+0.00000E+00
-42.500E-03,+0E+00
-40.000E-03,-15.625E-03
-37.500E-03,+0E+00
-35.000E-03,-15.625E-03
-32.500E-03,+0.00000E+00
-30.000E-03,+0.00000E+00
-27.500E-03,+0E+00
-25.000E-03,-15.625E-03
-22.500E-03,+0.00000E+00
-20.000E-03,+0E+00
-17.500E-03,-15.625E-03
-15.000E-03,+0.00000E+00
-12.500E-03,+0.00000E+00
-10.00E-03,+0E+00
-7.500E-03,-15.625E-03
-5.000E-03,-15.625E-03
-2.500E-03,-15.625E-03
